,개방서비스명,소재지전화,소재지전체주소,도로명전체주소,사업장명,좌표정보(x),좌표정보(y)
0,식품자동판매기업,-,부산광역시 북구 구포동 1157-1 구포지하철역,"부산광역시 북구 낙동대로 1697 (구포동, 구포지하철역)",지하철역사(장애인총연합회),35.2044886149551,128.993367069433
1,식품자동판매기업,-,경기도 용인시 기흥구 보정동 1097-8 지하 1층 식당입구,"경기도 용인시 기흥구 용구대로2469번길 94 (보정동, 지하 1층 식당입구)",용인시 서북부 장애인복지회관,37.3152824192592,127.10573208314
2,식품자동판매기업,-,경기도 용인시 수지구 상현동 839 상현1동사무소내,"경기도 용인시 수지구 상현로 71 (상현동,상현1동사무소내)",(사)장애인단체연합회,37.3047199406861,127.081346708696
3,식품자동판매기업,031 334 3457,경기도 용인시 수지구 동천동 176-4 동천동 주민센터 내,"경기도 용인시 수지구 신수로783번길 40 (동천동,동천동 주민센터 내)",(사)용인시 장애인단체연합회,37.3417821995093,127.09909222826
4,식품자동판매기업,055 339 7181,경상남도 김해시 삼계동 32,경상남도 김해시 삼계로 140 (삼계동),김해시장애인종합복지관,35.263428334761,128.876276120501
5,식품자동판매기업,063 2414271,전라북도 전주시 덕진구 호성동2가 631-12,전라북도 전주시 덕진구 완주로 6 (호성동2가),차량등록사업소 장애인자판기,35.8674091514287,127.14755353641
6,식품자동판매기업,063 2714271,전라북도 전주시 덕진구 송천동2가 492-36,-,송천동 농수산장애인자판기,35.8687150917347,127.117828776326
7,식품자동판매기업,063 2714271,전라북도 전주시 덕진구 진북동 416-12,전라북도 전주시 덕진구 벚꽃로 55 (진북동),덕진구청 장애인자판기,35.8293535217858,127.134513259374
8,식품자동판매기업,041 8529957,충청남도 공주시 봉황동 10,충청남도 공주시 제민1길 18 (봉황동),사)한국지체장애인협회충남공주시지회2호,36.4508847572612,127.122799175748
9,식품자동판매기업,-,경기도 수원시 권선구 구운동 218-1,경기도 수원시 권선구 서부로 1937 (구운동),장애인자립원,37.2820520485503,126.967446651004
10,식품자동판매기업,-,경기도 수원시 영통구 이의동 1088-13 수원시장애인종합복지관,"경기도 수원시 영통구 창룡대로 255, 수원시장애인종합복지관 1층 (이의동)",수원시장애인 종합복지관,37.2956617232701,127.036170186063
11,식품자동판매기업,0222372471,"서울특별시 중구 을지로6가 18-14 중구 구민회관 1층,3층","서울특별시 중구 을지로39길 40 (을지로6가, 중구 구민회관 1층,3층)",(사)서울지체장애인협회중구지회,37.5685637303537,127.006008861085
12,식품자동판매기업,02  22372471,서울특별시 중구 을지로6가 17-415 동화시장 3층,"서울특별시 중구 장충단로13길 34, 3층 (을지로6가, 동화시장)",중구장애인협회,37.5686168392611,127.006919052527
13,식품자동판매기업,0236677979,서울특별시 영등포구 영등포동2가 94-379,"서울특별시 영등포구 버드나루로 22, 1층 (영등포동2가, 서울시립영등포장애인복지관)",서울시립영등포장애인복지관,37.5207965305533,126.91286719975
14,식품자동판매기업,031 465 0950,"경기도 안양시 만안구 안양동 477-1 평생교육센터,수리복지관,만안구청어린이집","경기도 안양시 만안구 냉천로 39, 안양시수리장애인종합복지관 (안양동)",안양시수리장애인종합복지관,37.3848893187371,126.927225312822
15,식품자동판매기업,062 3859040,광주광역시 서구 쌍촌동 1229 관리사무실 1층 앞,"광주광역시 서구 쌍학로 43, 1층 (쌍촌동, 관리사무실 앞)",상무장애인자립지원센터,35.1470708462867,126.869676624056
16,식품자동판매기업,052 2297796,울산광역시 울주군 삼남읍 교동리 1499-166,울산광역시 울주군 삼남읍 중평1길 15,울주군장애인복지관,35.5612514751093,129.125275827058
17,식품자동판매기업,063 2543305,전라북도 전주시 덕진구 덕진동1가 73-48,전라북도 전주시 덕진구 소리로 68 (덕진동1가),동물원체련공원주차장장애인자판기,35.8558548708981,127.144386904613
18,식품자동판매기업,063 2543305,전라북도 전주시 덕진구 덕진동1가 73-48,전라북도 전주시 덕진구 소리로 68 (덕진동1가),체련공원약수터장애인자판기,35.8558548708981,127.144386904613
19,식품자동판매기업,-,전라북도 전주시 덕진구 덕진동1가 1314-4,전라북도 전주시 덕진구 권삼득로 390 (덕진동1가),덕진공원장애인자판기,35.8476694895554,127.121941572235
20,식품자동판매기업,-,전라북도 전주시 덕진구 덕진동1가 1314-2,-,덕진공원정문장애인자판기,35.8474066921268,127.122906000222
21,식품자동판매기업,-,전라북도 전주시 덕진구 덕진동1가 1220-1,전라북도 전주시 덕진구 기린대로 451 (덕진동1가),종합경기장수의실앞장애인자판기,35.8394313882815,127.124736497702
22,식품자동판매기업,063 543 4885,전라북도 김제시 서암동 514-1,전라북도 김제시 갈공길 32 (서암동),사)한국교통장애인협회 김제시지회,35.8051078569295,126.871206445292
23,식품자동판매기업,063 6351544,전라북도 남원시 이백면 남계리 343-3,전라북도 남원시 이백면 닭뫼안길 87,장애인복지관자판기,35.4526798399767,127.441758567623
24,식품자동판매기업,063 2404523,전라북도 완주군 삼례읍 삼례리 288,전라북도 완주군 삼례읍 삼봉로 125,(사단법인)전북지체장애인협회완주자판기사업부완주군청소년수련,35.9178270557845,127.082750459277
25,식품자동판매기업,3229414,전라북도 무주군 무주읍 읍내리 229-2 (1층),전라북도 무주군 무주읍 주계로 97 ((1층)),전북지체장애인협회 무주군지회,36.0070782563946,127.660770475487
26,식품자동판매기업,2464060,전라북도 전주시 덕진구 산정동 877-3,전라북도 전주시 덕진구 건산로 312 (산정동),쌈밥마을고기나라장애인자판기,35.8366014831209,127.170933031784
27,식품자동판매기업,031 883 2100,경기도 여주시 하동 199-4,경기도 여주시 청심로 105 (하동),여주군장애인복지관,37.2995256945157,127.632369381827
28,식품자동판매기업,-,광주광역시 북구 용봉동 239-2,광주광역시 북구 우치로 77 (용봉동),장애인연합회,35.1743413833044,126.912255492007
29,식품자동판매기업,052 2941922,울산광역시 북구 진장동 282-1 농수산물종합유통센터,"울산광역시 북구 진장유통로 90 (진장동,농수산물종합유통센터)",(사)울산장애인총연합회복지사업단,35.5790334736616,129.358116769758
30,식품자동판매기업,-,경기도 수원시 장안구 하광교동 산 57-2,경기도 수원시 장안구 광교산로 166 (하광교동),반딧불이자판기(사)한국교통장애인협회수원시지회,37.3018330422411,127.032338769953
31,식품자동판매기업,064 7564980,제주특별자치도 제주시 이도이동 1176-1,"제주특별자치도 제주시 광양9길 10 (이도이동, 제주도지체장애인협회)",제주도지체장애인협회,33.4998056739686,126.53135203108
32,식품자동판매기업,064 7564980,제주특별자치도 제주시 연동 312-1 (문연로2),"제주특별자치도 제주시 문연로 6 (연동,(문연로2))",제주도지체장애인협회,33.4888985854354,126.498089693916
33,식품자동판매기업,031  4997060,경기도 시흥시 정왕동 1381-9 시흥시장애인보호작업장,"경기도 시흥시 마유로82번길 117, 시흥시장애인보호작업장 1층 3마417-4호 (정왕동)",시흥시장애인보호작업장,37.3231044223092,126.727170622716
34,식품자동판매기업,062 9430420,광주광역시 광산구 우산동 1595-1,광주광역시 광산구 무진대로 276 (우산동),광산구장애인복지관,35.160875364744,126.810598703652
35,식품자동판매기업,055 8630080,경상남도 남해군 남해읍 남변리 96-2,경상남도 남해군 남해읍 에코파크길 7,경남지체장애인협회 남해군지회,34.8326967333801,127.902893331799
36,식품자동판매기업,051 362 7755,부산광역시 북구 금곡동 54-3 북구장애인종합복지관,부산광역시 북구 금곡대로616번길 145 (금곡동),북구장애인종합복지관,35.267061267749,129.017528327722
37,식품자동판매기업,061 2770363,전라남도 목포시 상동 803-3,전라남도 목포시 하당로205번길 12 (상동),목포장애인회관,34.8090100402868,126.418883165327
38,식품자동판매기업,-,경기도 화성시 능동 1119 (동탄3동 동사무소내),"경기도 화성시 동탄지성로 151 (능동,(동탄3동 동사무소내))",장애인기업협회,37.2099607408298,127.058678216004
39,식품자동판매기업,-,부산광역시 해운대구 반여동 1502-147 해운대구장애인복지관,"부산광역시 해운대구 선수촌로207번길 81, 해운대구장애인복지관 (반여동)",해운대구장애인복지관,35.2107576290966,129.121925882488
40,식품자동판매기업,-,부산광역시 해운대구 석대동 429,부산광역시 해운대구 석대로 29 (석대동),해운대장애인근로사업장,35.2220513937745,129.12581156519
41,식품자동판매기업,051 262 2461,부산광역시 사하구 구평동 43 사하구장애인종합복지관,"부산광역시 사하구 사하로68번길 65, 사하구장애인종합복지관 (구평동)",사하구장애인종합복지관,35.0854343592083,128.993056067158
42,식품자동판매기업,054 2784572,경상북도 포항시 남구 해도동 181-1,경상북도 포항시 남구 형산강북로 389 (해도동),장애인종합복지회관,36.0099914001467,129.367355331552
43,식품자동판매기업,063 224 4315,전라북도 전주시 완산구 평화동1가 599-1 전주장애인종합복지관,"전라북도 전주시 완산구 백제대로 20-41, 전주장애인종합복지관 1층 (평화동1가)",전주장애인복지관,35.7975578401607,127.13232287875
44,식품자동판매기업,063 562 3777,전라북도 고창군 고창읍 율계리 113 고창군장애인복지관,"전라북도 고창군 고창읍 전봉준로 88-9, 고창군장애인복지관",고창군장애인복지관자판기,35.4441290575993,126.682233945814
45,식품자동판매기업,-,전라북도 김제시 검산동 1034 (1030-1의 앞도로),-,한국신장장애인협회전북협회김제지부,35.8076118329758,126.894823859002
46,식품자동판매기업,02 9894215,서울특별시 강북구 번동 306-12,서울특별시 강북구 오현로 189 (번동),강북장애인종합복지관,37.6287936314181,127.039037378632
47,식품자동판매기업,055 933 7878,경상남도 합천군 합천읍 합천리 524-1번지,"경상남도 합천군 합천읍 동서로 39, 1층",시각장애인사무실자판기,35.5678929928414,128.156834809985
48,식품자동판매기업,031 398 8887,경기도 군포시 산본동 1101 군포문화예술회관,"경기도 군포시 고산로 599, 1층 (산본동, 군포문화예술회관)",사)군포시장애인단체총연합회,37.3662812176059,126.927300523157
49,식품자동판매기업,031 7313403,경기도 성남시 분당구 구미동 300 서울대병원 구내,"경기도 성남시 분당구 구미로173번길 82 (구미동,서울대병원 구내)",성남시장애인협회,37.349786822389,127.124231209576
50,식품자동판매기업,-,서울특별시 노원구 공릉동 708 공릉1단지 장애인협회사무실앞,-,장애인협회,37.6301101718169,127.070151742228
51,식품자동판매기업,043 420 6300,충청북도 단양군 단양읍 별곡리 315 단양문화예술회관,"충청북도 단양군 단양읍 중앙1로 32, 단양문화예술회관",단양장애인복지관,36.9856516558362,128.36819060159
52,식품자동판매기업,0435335758,충청북도 진천군 진천읍 벽암리 570-1 생거진천종합사회복지관,"충청북도 진천군 진천읍 중앙북1길 11-10, 생거진천종합사회복지관",(사)충북지체장애인협회 진천군지회,36.8606401694385,127.439516841803
53,식품자동판매기업,055 8839167,경상남도 하동군 하동읍 읍내리 1417,경상남도 하동군 하동읍 하동공원길 21-29,지체장애인협회,35.0675511074589,127.744689705948
54,식품자동판매기업,054 6336415,경상북도 영주시 휴천동 42-1,경상북도 영주시 원당로52번길 25 (휴천동),영주시장애인종합복지관자판기,36.8186395373863,128.622803913253
55,식품자동판매기업,054 5560042,경상북도 문경시 모전동 214-1,경상북도 문경시 시청2길 34 (모전동),문경시장애인종합복지관,36.5872974713123,128.186669066585
56,식품자동판매기업,043 423 2828,충청북도 단양군 단양읍 별곡리 319 단양장애인복지관,"충청북도 단양군 단양읍 별곡5길 5, 단양장애인복지관",단양장애인복지관,36.9853109125627,128.368657790813
57,식품자동판매기업,044 850 3080,세종특별자치시 종촌동 674,"세종특별자치시 도움1로 116 (종촌동, 종합복지지원센터)",종촌종합복지센터 장애인보호작업장,36.5026589136608,127.246775356394
58,식품자동판매기업,-,"제주특별자치도 제주시 이도이동 414 제주학생문화원, 제주도서관","제주특별자치도 제주시 연삼로 489, 제주도서관 1층 (이도이동)",제주장애인기업빛나라주식회사,33.5006347351343,126.54129052008
59,식품자동판매기업,055 2236800,경상남도 창원시 의창구 봉곡동 180-6,-,경남장애인복지회관신관,35.2503488575377,128.679458682061
60,식품자동판매기업,055 2662223,경상남도 창원시 의창구 봉곡동 179-1,경상남도 창원시 의창구 봉곡로97번길 85 (봉곡동),경남장애인종합복지관,35.250414491147,128.678450283931
61,식품자동판매기업,055 6011001,경상남도 창원시 성산구 신월동 31-15 경상남도여성장애인작업장,-,경상남도여성장애인작업장,35.2269529143256,128.694121620074
62,식품자동판매기업,032 884 2373,인천광역시 서구 가좌동 198 서구도서관,"인천광역시 서구 건지로334번길 45 (가좌동,서구도서관)",인천지체장애인협회,37.4942686514713,126.679299276429
63,식품자동판매기업,032 884 2373,인천광역시 미추홀구 주안동 1580-38 주안도서관,-,인천지체장애인협회,37.4569893802434,126.69222395922
64,식품자동판매기업,032 876 3500,인천광역시 미추홀구 학익동 709-1,인천광역시 미추홀구 한나루로357번길 105-19 (학익동),인천시각장애인연합회,37.4381728437904,126.656042075444
65,식품자동판매기업,032 8889969,인천광역시 중구 항동7가 60,인천광역시 중구 연안부두로 24-1 (항동7가),한국신체장애복지회,37.4561554120436,126.602915694809
66,식품자동판매기업,-,충청남도 홍성군 홍성읍 옥암리 62-8,-,홍성군장애인복지관,36.5976115345937,126.655992785322
67,식품자동판매기업,041 631 2616,충청남도 홍성군 홍성읍 옥암리 62-8,충청남도 홍성군 홍성읍 조양로33번길 17,홍성군지체장애인협회,36.5976115345937,126.655992785322
68,식품자동판매기업,3343457,경기도 용인시 처인구 김량장동 303-3,경기도 용인시 처인구 금령로78번길 7 (김량장동),용인시장애인협회,37.2344722565419,127.206034057773
69,식품자동판매기업,3343457,경기도 용인시 처인구 마평동 704,-,용인시장애인협회,37.2384857706596,127.212112955707
70,식품자동판매기업,3343457,경기도 용인시 처인구 마평동 704,-,용인시장애인협회,37.2384857706596,127.212112955707
71,식품자동판매기업,031 8953200,경기도 용인시 기흥구 언남동 342-1 1층,-,용인시서북부장애인종합복지관,37.2966668518739,127.118835598073
72,식품자동판매기업,031 421 1567,경기도 안양시 동안구 평촌동 934-1 농수산물도매시장(청과동1층),-,안양시 장애인 스포츠단,37.3825017245671,126.970012470844
73,식품자동판매기업,031 421 1567,경기도 안양시 동안구 평촌동 934-1 농수산물도매시장(수산동지층),-,안양시 장애인 스포츠단,37.3825017245671,126.970012470844
74,식품자동판매기업,031 421 1567,경기도 안양시 동안구 평촌동 934 농수산물도매시장(수산동지층),-,안양시 장애인 스포츠단,37.3828053726302,126.967631345414
75,식품자동판매기업,031 421 1567,경기도 안양시 동안구 평촌동 934-1 농수산물도매시장(수산동지층),-,안양시 장애인 스포츠단,37.3825017245671,126.970012470844
76,식품자동판매기업,2820611,경기도 용인시 수지구 풍덕천동 720 (수지출장소 내 보건소건물),-,장애인서부상담소,37.3221835995001,127.097458768088
77,식품자동판매기업,3343457,경기도 용인시 처인구 김량장동 286 처인구청 종합민원실,"경기도 용인시 처인구 금령로 50 (김량장동,처인구청 종합민원실)",(사)용인시지채장애인협회,37.2345930174077,127.20157145388
78,식품자동판매기업,3343457,"경기도 용인시 처인구 삼가동 556 문화복지행정타운 청소년수련관,문화예술원","경기도 용인시 처인구 중부대로 1199 (삼가동,문화복지행정타운 청소년수련관,문화예술원)",용인시장애인협회(수련관),37.2410742217657,127.177721812539
79,식품자동판매기업,3343457,경기도 용인시 처인구 역북동 365-2 차량등록사업소,"경기도 용인시 처인구 중부대로 1217 (역북동,차량등록사업소)",용인시장애인협회(차량사업소),37.2386982068426,127.180495477958
80,식품자동판매기업,-,서울특별시 은평구 불광동 304-2,-,한국장애인협회 은평지회,37.6178235676098,126.922740128199
81,식품자동판매기업,0222968309,서울특별시 성동구 도선동 16-1 보건소 지상1층,-,지체장애인협회-성동지회,37.563475276854,127.035599216666
82,식품자동판매기업,02 3766280,서울특별시 서대문구 남가좌동 270-1 서대문장애인종합복지관,-,서대문장애인종합복지관,37.5707379134269,126.913859515872
83,식품자동판매기업,042 2228182,대전광역시 동구 정동 7-14,-,장애인의수족보조기자판기,36.3350015205465,127.430695602575
84,식품자동판매기업,042 285 0030,대전광역시 동구 판암동 240,-,판암장애인보호작업장,36.3202395918063,127.460087779772
85,식품자동판매기업,-,부산광역시 강서구 대저2동 1937,-,장애인총연합회강서구지부,35.1792943851752,128.956942419297
86,식품자동판매기업,051 2653505,부산광역시 서구 토성동5가 53-2,-,장애인복지회 자판기,35.0964439798123,129.021808904944
87,식품자동판매기업,-,인천광역시 중구 신흥동3가 30-17 중구장애인종합복지관 2층,"인천광역시 중구 매소홀로 10 (신흥동3가, 중구장애인종합복지관 2층 )",장애인종합복지관 자판기,37.4526313101,126.628436181281
88,식품자동판매기업,032 421 2846,인천광역시 중구 인현동 5,인천광역시 중구 자유공원로 12 (인현동),(사)인천지체장애인협회,37.4757504483578,126.629737056532
89,식품자동판매기업,063 2714271,전라북도 전주시 덕진구 송천동2가 1035,-,환경사업소 장애인자판기,35.875318731651,127.103672410404
90,식품자동판매기업,063 2714271,전라북도 전주시 완산구 서노송동 740-3,-,서노송동사무소 장애인자판기,35.8282580491002,127.14601421162
91,식품자동판매기업,063 2290061,전라북도 전주시 완산구 평화동1가 599-1 장애인종합복지관,"전라북도 전주시 완산구 백제대로 20-41 (평화동1가,장애인종합복지관)",전주장애인종합복지관,35.7975578401607,127.13232287875
92,식품자동판매기업,063 2714271,전라북도 전주시 덕진구 송천동1가 395-28,-,송천1동사무소 장애인자판기,35.8571219183137,127.12098799828
93,식품자동판매기업,063 5611080,전라북도 고창군 고창읍 월곡리 620,-,고창군 장애인 연합회,35.4375436041694,126.712964233684
94,식품자동판매기업,063 2714271,전라북도 전주시 덕진구 금암동 470-5,-,금암1동사무소 장애인자판기,35.837601168283,127.132925821721
95,식품자동판매기업,063 2714271,전라북도 전주시 덕진구 인후동1가 766-9,-,인후1동사무소 장애인자판기,35.8374881217079,127.156732141155
96,식품자동판매기업,063 2714271,전라북도 전주시 덕진구 인후동1가 456-37,-,인후3동사무소 장애인자판기,35.8350907970115,127.15768159228
97,식품자동판매기업,063 5320700,전라북도 정읍시 수성동 965-1,전라북도 정읍시 수성1로 58 (수성동),정읍시장애인종합복지관자판기,35.5775046140518,126.853457860391
98,식품자동판매기업,-,충청남도 서천군 서면 도둔리 1222-6,-,장애인협회,36.160121949841,126.505366609077
99,식품자동판매기업,031 8422511,경기도 양주시 남방동 1-1,경기도 양주시 부흥로 1533 (남방동),(사)장애인미디어인권,37.7850193816047,127.045245308914
100,식품자동판매기업,031 876 1224,경기도 의정부시 의정부동 326-2,"경기도 의정부시 시민로 1, 지상1층 (의정부동, 의정부시청)",의정부 지체장애인협회,37.7380611482356,127.033897957884
101,식품자동판매기업,031 876 1224,경기도 의정부시 의정부동 326-2,경기도 의정부시 시민로 1 (의정부동),의정부 지체장애인협회,37.7380611482356,127.033897957884
102,식품자동판매기업,031 876 1224,경기도 의정부시 의정부동 326-2,경기도 의정부시 시민로 1 (의정부동),의정부 지체장애인협회,37.7380611482356,127.033897957884
103,식품자동판매기업,031 876 1224,경기도 의정부시 의정부동 326-2,경기도 의정부시 시민로 1 (의정부동),의정부 지체장애인협회,37.7380611482356,127.033897957884
104,식품자동판매기업,031 421 1567,경기도 안양시 동안구 평촌동 934-1 농수산물도매시장,-,안양시 장애인 스포츠단,37.3825017245671,126.970012470844
105,식품자동판매기업,031 421 1567,경기도 안양시 동안구 평촌동 934-1 농수산물도매시장(관리동2층),-,안양시 장애인 스포츠단,37.3825017245671,126.970012470844
106,식품자동판매기업,031 421 1567,경기도 안양시 동안구 평촌동 934-1 농수산물도매시장(청과동1층),-,안양시 장애인 스포츠단,37.3825017245671,126.970012470844
107,식품자동판매기업,031 421 1567,경기도 안양시 동안구 평촌동 934-1 농수산물도매시장(수산동1층),-,안양시 장애인 스포츠단,37.3825017245671,126.970012470844
108,식품자동판매기업,031 421 1567,경기도 안양시 동안구 평촌동 934-1 농수산물도매시장(수산동2층),-,안양시 장애인 스포츠단,37.3825017245671,126.970012470844
109,식품자동판매기업,031 421 1567,경기도 안양시 동안구 평촌동 934-1 농수산물도매시장(관리동1층),-,안양시 장애인 스포츠단,37.3825017245671,126.970012470844
110,식품자동판매기업,07089339901,"서울특별시 은평구 역촌동 14-34 (은평구평생학습관 1층, 2층)","서울특별시 은평구 서오릉로 87 (역촌동,(은평구평생학습관 1층, 2층))",(사)서울시지체장애인협회 은평구지회,37.6077986822948,126.921188292247
111,식품자동판매기업,02 7229705,서울특별시 서대문구 남가좌동 270-1,-,장애인종합복지관,37.5707379134269,126.913859515872
112,식품자동판매기업,0222921063,서울특별시 성동구 도선동 365-2,-,성동구립장애인작업장,37.5640629734064,127.031224502937
113,식품자동판매기업,02 3766283,서울특별시 서대문구 남가좌동 270-1,-,서대문장애인종합복지관,37.5707379134269,126.913859515872
114,식품자동판매기업,0222790660,서울특별시 종로구 종로5가 411-4 (지상1층),"서울특별시 종로구 종로40길 14 (종로5가,(지상1층))",종로구립장애인 보호작업장,37.5702145928424,127.006600328041
115,식품자동판매기업,02   8460042,서울특별시 영등포구 신길동 440-57 영등포구 장애인 사랑나눔의집 1층,"서울특별시 영등포구 신길로 55 (신길동,영등포구 장애인 사랑나눔의집 1층)",장애인 사랑나눔의집,37.4975471940885,126.907997714195
116,식품자동판매기업,-,서울특별시 중랑구 면목동 346-7,-,한국교통장애인협회,37.5756306515701,127.081216091426
117,식품자동판매기업,02  36670870,서울특별시 영등포구 영등포동2가 94-379 영등포장애인복지관 지상1층,"서울특별시 영등포구 버드나루로 22 (영등포동2가, 영등포장애인복지관 지상1층)",영등포장애인복지관상조회,37.5207965305533,126.91286719975
118,식품자동판매기업,02 4382691,서울특별시 중랑구 신내동 572-2,서울특별시 중랑구 신내로 56 (신내동),원광장애인종합복지관,37.6041998204778,127.096015927314
119,식품자동판매기업,-,서울특별시 중랑구 묵동 22 중랑구립정보도서관 등,"서울특별시 중랑구 신내로15길 197 (묵동,중랑구립정보도서관 등)",장애인협회,37.6152187439257,127.086939763858
120,식품자동판매기업,-,서울특별시 영등포구 신길동 440-57 장애인사랑나눔의집,"서울특별시 영등포구 신길로 55 (신길동, 장애인사랑나눔의집)",한국지체장애인협회영등포구지회,37.4975471940885,126.907997714195
121,식품자동판매기업,062 5130977,광주광역시 북구 동림동 24,-,장애인종합복지관,35.1853334954377,126.867934004933
122,식품자동판매기업,5868034,대전광역시 중구 산성동 120-18,-,대전광역시시각장애인연합회,36.3038376617392,127.382649407532
123,식품자동판매기업,-,부산광역시 동구 초량동 417-5,-,부산장애자신용협동조합,35.117439576021,129.038418349854
124,식품자동판매기업,055 386 9932,경상남도 양산시 동면 금산리 1480 농산물종합유통센터,경상남도 양산시 동면 양산대로 377 (농산물종합유통센터),양산지체장애인협회,35.3068958130368,129.025280037965
125,식품자동판매기업,052 294 1922,울산광역시 남구 신정동 646-4,울산광역시 남구 중앙로 201 (신정동),울산장애인복지사업단,35.5389040897843,129.311535531989
126,식품자동판매기업,032 8763500,인천광역시 미추홀구 학익동 709-1,-,인천광역시시각장애인복지관,37.4381728437904,126.656042075444
127,식품자동판매기업,-,"인천광역시 연수구 연수동 577-2 연수도서관, 1층","인천광역시 연수구 함박뫼로152번길 96, 지상1층 (연수동, 연수도서관)",인천지체장애인협회연수구지회,37.4180312295665,126.685478762703
128,식품자동판매기업,055  9310005,경상남도 합천군 합천읍 합천리 129-5,경상남도 합천군 합천읍 황강체육공원로 93,사/법합천장애인협회자판기,35.5646063776822,128.170175529184
129,식품자동판매기업,2124316,전라북도 전주시 덕진구 팔복동1가 138-6,-,팔복1동사무소장애인자판기,35.8536560969108,127.106263707796
130,식품자동판매기업,063 2543305,전라북도 전주시 덕진구 진북동 416-12,전라북도 전주시 덕진구 벚꽃로 55 (진북동),덕진보건소장애인자판기,35.8293535217858,127.134513259374
131,식품자동판매기업,0632714271,전라북도 전주시 완산구 서완산동2가 71-31,-,서완산동장애인자판기,35.8092448909601,127.134901335642
132,식품자동판매기업,0632714271,전라북도 전주시 완산구 삼천동1가 573-2,-,삼천1동장애인자판기,35.8007194445313,127.12168336626
133,식품자동판매기업,-,전라북도 전주시 덕진구 덕진동1가 1314-2,-,덕진공원장애인자판기(2호기),35.8474066921268,127.122906000222
134,식품자동판매기업,-,전라북도 전주시 덕진구 덕진동1가 1220-1,전라북도 전주시 덕진구 기린대로 451 (덕진동1가),종합경기장주경기장앞장애인자판기,35.8394313882815,127.124736497702
135,식품자동판매기업,-,전라북도 전주시 덕진구 덕진동1가 73-48,-,동물원장애인자판기,35.8558548708981,127.144386904613
136,식품자동판매기업,063 2714271,전라북도 전주시 덕진구 송천동2가 492-36,-,농수산물도매시장장애인자판기(1층),35.8687150917347,127.117828776326
137,식품자동판매기업,-,전라북도 전주시 덕진구 덕진동1가 73-48,-,동물원장애인자판기1호기,35.8558548708981,127.144386904613
138,식품자동판매기업,063 2714271,전라북도 전주시 덕진구 송천동1가 453-7,-,송천2동사무소장애인자판기,35.8610859489652,127.119955732269
139,식품자동판매기업,063 2463917,전라북도 전주시 덕진구 우아동3가 744-82,-,큐오락실장애인자판기,35.8501657958562,127.156545093911
140,식품자동판매기업,061 8632538,전라남도 장흥군 장흥읍 건산리 379-1,전라남도 장흥군 장흥읍 흥성로 55,장애인협회,34.6766222941756,126.908736748424
141,식품자동판매기업,063 2714271,전라북도 전주시 완산구 중노송동 225,-,중노1동장애인자판기,35.8244019703985,127.158361950317
142,식품자동판매기업,-,전라북도 전주시 완산구 동서학동 150,-,동서학동장애인자판기,35.8094962743573,127.152240748988
143,식품자동판매기업,3229414,전라북도 무주군 적상면 사천리 332-1,-,무주군장애인협회,35.9456238172734,127.659587464401
144,식품자동판매기업,063 4614636,전라북도 군산시 산북동 3612-4,-,장애인종합복지관,35.9597479246329,126.677452410097
145,식품자동판매기업,-,전라북도 부안군 부안읍 봉덕리 551-2,-,부안군지체장애인협회자판기,35.7229148953497,126.735819392077
146,식품자동판매기업,2543281,전라북도 전주시 덕진구 금암동 460-11,전라북도 전주시 덕진구 가리내로 30 (금암동),남원식당장애인자판기,35.8344980726925,127.133391582696
147,식품자동판매기업,2714271,전라북도 전주시 덕진구 덕진동2가 190-1,전라북도 전주시 덕진구 권삼득로 407 (덕진동2가),예술회관장애인자판기,35.8478157724792,127.119781986525
148,식품자동판매기업,2714271,전라북도 전주시 덕진구 덕진동1가 1357-5,-,덕진동사무소장애인자판기,35.8455110617058,127.120701043269
149,식품자동판매기업,-,전라북도 전주시 덕진구 여의동 606-4,-,동산동사무소장애인자판기,35.8710967189312,127.074513843757
150,식품자동판매기업,2714271,전라북도 전주시 덕진구 반월동 230-7,-,조촌동사무소장애인자판기,35.8751460187465,127.075997609722
151,식품자동판매기업,063 2714271,전라북도 전주시 덕진구 우아동3가 746-67,-,우아3동사무소 장애인자판기,35.8498210446573,127.159507959492
152,식품자동판매기업,063 2815705,전라북도 전주시 덕진구 금암동 1569-1,-,금암분관장애인자판기,35.8362909778138,127.14009543239
153,식품자동판매기업,063 2714271,전라북도 전주시 덕진구 인후동2가 11-9,-,인후2동사무소 장애인자판기,35.8393286408373,127.151124797434
154,식품자동판매기업,2714271,전라북도 전주시 덕진구 진북동 1042-4,-,진북2동사무소장애인자판기,35.8278728231593,127.131436256671
155,식품자동판매기업,-,제주특별자치도 제주시 이도일동 1660,-,탐라장애인복지관,33.5015024793687,126.524985524425
156,식품자동판매기업,-,제주특별자치도 제주시 이도이동 1176-1 시청민원실서쪽벽,-,제주도지체장애인협회,33.4998056739686,126.53135203108
157,식품자동판매기업,064 7564980,제주특별자치도 제주시 연동 312-1 도청민원실앞 휴게실,-,제주도지체장애인협회,33.4888985854354,126.498089693916
158,식품자동판매기업,-,제주특별자치도 제주시 연동 322-1 북군청민월실과 재정과사이,-,제주도지체장애인협회,33.4890451973362,126.500458122035
159,식품자동판매기업,-,제주특별자치도 제주시 연동 311-46,-,제주도지체장애인협회,33.4902681236701,126.497983228882
160,식품자동판매기업,-,제주특별자치도 제주시 이도이동 1176-1 시청민원실 서쪽벽,-,제주도지체장애인협회,33.4998056739686,126.53135203108
161,식품자동판매기업,064 7261196,제주특별자치도 제주시 오라이동 898-8,제주특별자치도 제주시 오남로 231 (오라이동),(사)한국신장장애인협회제주협회제주시지부,33.4750856724211,126.515224339224
162,식품자동판매기업,064 7113129,제주특별자치도 제주시 노형동 1055-8 (월랑로33),-,제주도장애인총연합회구내,33.4880595983292,126.476608634531
163,식품자동판매기업,-,경기도 여주시 홍문동 34,경기도 여주시 세종로 18 (홍문동),장애인복지회여주군지회,37.2963416767563,127.636451267643
164,식품자동판매기업,-,경기도 여주시 홍문동 19 (만남앞),경기도 여주시 여흥로109번길 16 (홍문동),장애인복지회여주군지회,37.297045449599,127.636219563138
165,식품자동판매기업,-,경기도 여주시 홍문동 272-3 (성좌앞),"경기도 여주시 세종로79번길 18-8 (홍문동,(성좌앞))",장애인복지회여주군지회,37.2901837914282,127.636673769195
166,식품자동판매기업,-,경기도 여주시 홍문동 73-14 (한영슈퍼앞),"경기도 여주시 세종로 29 (홍문동,(한영슈퍼앞))",장애인복지회여주군지회,37.2951285469698,127.63668453954
167,식품자동판매기업,-,경기도 여주시 홍문동 111-12 (중앙정육점옆),"경기도 여주시 세종로13번길 2 (홍문동,(중앙정육점옆))",장애인복지회여주군지회,37.2964131645185,127.637214729156
168,식품자동판매기업,-,경기도 여주시 홍문동 67-12 (인혜화원앞),"경기도 여주시 세종로 36-2 (홍문동,(인혜화원앞))",장애인복지회여주군지회,37.2947066456412,127.635921525131
169,식품자동판매기업,-,경기도 여주시 상동 285-2 (읍사무소앞),"경기도 여주시 여흥로 148 (상동,(읍사무소앞))",장애인복지회여주군지회,37.2951353828112,127.639811206577
170,식품자동판매기업,-,경기도 여주시 하동 193-8 (뮤직랜드앞),"경기도 여주시 여흥로69번길 26-21 (하동,(뮤직랜드앞))",장애인복지회여주군지회,37.2986017579914,127.633554015283
171,식품자동판매기업,-,경기도 여주시 창동 2-2 (아몬드빵집앞),"경기도 여주시 청심로 131-16 (창동,(아몬드빵집앞))",장애인복지회여주군지회,37.2990363741285,127.635359307379
172,식품자동판매기업,-,경기도 여주시 창동 55-3 (녹십자약국),"경기도 여주시 세종로14번길 11-1 (창동,(녹십자약국))",장애인복지회여주군지회,37.2968841682739,127.635514890151
173,식품자동판매기업,031 883 2100,경기도 여주시 북내면 외룡리 298-4,경기도 여주시 북내면 여양2로 672-22,여주군장애인복지관,37.3623039172532,127.670896420113
174,식품자동판매기업,8731513,경기도 의정부시 호원동 119-22 엄홍길기념관앞,"경기도 의정부시 망월로 4 (호원동,엄홍길기념관앞)",의정부 지체장애인협회,37.7088010940917,127.047253510067
175,식품자동판매기업,-,경기도 의왕시 내손동 631-2,-,신체장애인 복지회 의왕지회,37.3887228715334,126.976071434145
176,식품자동판매기업,031  8731513,경기도 의정부시 민락동 735-17 장애인복지관내,"경기도 의정부시 용민로 160 (민락동,장애인복지관내)",의정부 지체장애인협회,37.7436752702697,127.09218128534
177,식품자동판매기업,0222635930,서울특별시 중구 을지로6가 18-14 중구구민회관3층,-,사단법인서울지체장애인협회서울지부,37.5685637303537,127.006008861085
178,식품자동판매기업,0222635930,서울특별시 중구 을지로6가 18-14 중구구민회관3층,-,사단법인서울지체장애인협회중구지회,37.5685637303537,127.006008861085
179,식품자동판매기업,0222635930,서울특별시 중구 을지로6가 18-14 중구구민회관1층,-,사단법인서울지체장애인협회중구지회,37.5685637303537,127.006008861085
180,식품자동판매기업,0222635930,서울특별시 중구 을지로6가 18-14 동평주차장관리실,-,사단법인서울지체장애인협회중구지회,37.5685637303537,127.006008861085
181,식품자동판매기업,0222635930,서울특별시 중구 을지로6가 18-14 동화시장1층,-,사단법인서울지체장애인협회중구지회,37.5685637303537,127.006008861085
182,식품자동판매기업,-,광주광역시 서구 농성동 299 서구청,"광주광역시 서구 경열로 33 (농성동,서구청)",새광주장애인총연합회(서구청),35.1520717493182,126.89001193247
183,식품자동판매기업,042 8223838,대전광역시 유성구 송강동 9,대전광역시 유성구 송강로42번길 34 (송강동),유성장애인협회,36.4354790480039,127.384589408396
184,식품자동판매기업,042 8223838,대전광역시 유성구 원내동 358,-,유성장애인협회,36.2950002924524,127.320565238934
185,식품자동판매기업,042 6254678,대전광역시 서구 둔산동 908,대전광역시 서구 청사로 281 (둔산동),장애인연합회 상록스토아,36.3613116133279,127.393306371061
186,식품자동판매기업,042 6116188,대전광역시 서구 둔산동 1300 서구청,"대전광역시 서구 둔산서로 100, 서구청 (둔산동)",서구지체장애인협회,36.3550707827714,127.38380833742
187,식품자동판매기업,-,대전광역시 서구 탄방동 608 (국민연금대전지사 1층),"대전광역시 서구 문정로 6 (탄방동,(국민연금대전지사 1층))",(사)대전광역시장애인단체총연합회,36.3450343573219,127.381089586752
188,식품자동판매기업,042 611 6188,대전광역시 서구 둔산동 1300 서구청 4층,"대전광역시 서구 둔산서로 100 (둔산동,서구청 4층)",대전시서구지체장애인협회,36.3550707827714,127.38380833742
189,식품자동판매기업,052 2884240,울산광역시 북구 무룡동 935-232,-,지체장애인북구지회,35.604930299044,129.43264722204
190,식품자동판매기업,-,울산광역시 북구 양정동 776-1,-,장애인협회북구지회,35.548390905738,129.386365386967
191,식품자동판매기업,032 884 2373,인천광역시 미추홀구 주안동 1580-38,"인천광역시 미추홀구 구월남로 27 (주안동, 주안도서관)",한국지체장애인협회,37.4552727019121,126.693755771316
192,식품자동판매기업,-,인천광역시 미추홀구 학익동 709-1 시각장애인복지관,"인천광역시 미추홀구 한나루로357번길 105-19, 시각장애인복지관 1층 (학익동)",인천광역시시각장애인복지관,37.4381728437904,126.656042075444
193,식품자동판매기업,-,전라남도 영광군 영광읍 단주리 666,-,영광군장애인협회자판기,35.2909986158748,126.494958797974
194,식품자동판매기업,4533726,전라남도 무안군 청계면 월선리 73-2,-,목포장애인요양원,34.8828070412111,126.462906893555
195,식품자동판매기업,061 3925971,전라남도 장성군 장성읍 영천리 1485-5,-,장애인협회,35.3044576440964,126.785919484656
196,식품자동판매기업,061 3931334,전라남도 장성군 북일면 신흥리 198-1,전라남도 장성군 북일면 북부1길 2,장애인협회,35.3745594738828,126.807183839344
197,식품자동판매기업,061 7810505,전라남도 구례군 구례읍 백련리 576,전라남도 구례군 구례읍 동편제길 30,장애인복지관,35.2159831749091,127.461397490652
198,식품자동판매기업,061 8624000,전라남도 장흥군 장흥읍 건산리 752-1,전라남도 장흥군 장흥읍 동교1길 13,장애인협회,34.6769995395259,126.907061729395
199,식품자동판매기업,031 2352104,경기도 수원시 권선구 입북동 156-5,-,경기도장애인재활협회,37.2981120094285,126.958621957429
200,식품자동판매기업,-,경기도 수원시 권선구 오목천동 667,-,경기도장애인복지관,37.2364017462783,126.972600659319
201,식품자동판매기업,064 7564980,제주특별자치도 제주시 삼도일동 305-8 (소용천1로55),-,제주도지체장애인협회,33.5040124036246,126.522588460938
202,식품자동판매기업,033 4402571,강원특별자치도 화천군 화천읍 아리 239,-,사단법인 화천군장애인연합회,38.1060299207264,127.708084008425
203,식품자동판매기업,033 4402571,강원특별자치도 화천군 화천읍 아리 239,강원특별자치도 화천군 화천읍 화천새싹길 45,사단법인 화천군장애인연합회,38.1060299207264,127.708084008425
204,식품자동판매기업,033 4417301,강원특별자치도 화천군 하남면 원천리 444-2,-,화천군장애인연합,38.0587259878049,127.667753918578
205,식품자동판매기업,-,강원특별자치도 화천군 화천읍 하리 84-1 문화예술회관,강원특별자치도 화천군 화천읍 상승로 91 (문화예술회관),화천군장애인연합,38.1086810678848,127.704729377871
206,식품자동판매기업,-,강원특별자치도 화천군 하남면 위라리 490 화천종합사회복지관,강원특별자치도 화천군 하남면 춘화로 3337,화천군장애인연합,38.0978749113908,127.704351178596
207,식품자동판매기업,-,강원특별자치도 화천군 하남면 위라리 518-2 생활체육공원,강원특별자치도 화천군 하남면 춘화로 3331-45 (생활체육공원),화천군장애인연합,38.0960972698565,127.700340126719
208,식품자동판매기업,-,강원특별자치도 화천군 화천읍 중리 244-32 화천정보산업고등학교앞  공원,-,화천군장애인연합,38.1075599718471,127.708940799023
209,식품자동판매기업,033 441 2190,강원특별자치도 화천군 화천읍 하리 165 (붕어섬),-,화천군장애인연합,38.097154935939,127.693716578505
210,식품자동판매기업,033 4422190,강원특별자치도 화천군 화천읍 하리 165 (붕어섬),-,화천군장애인협회,38.097154935939,127.693716578505
211,식품자동판매기업,-,강원특별자치도 원주시 우산동 796-1,-,강원도신체장애인복지회,37.3753501804274,127.944865084607
212,식품자동판매기업,-,광주광역시 서구 치평동 1200 (광주광역시청),"광주광역시 서구 내방로 111 (치평동,(광주광역시청))",새광주장애인총연합회,35.159715403281,126.851512233363
213,식품자동판매기업,042 6116188,대전광역시 서구 둔산동 1300 서구청,"대전광역시 서구 둔산서로 100, 서구청 (둔산동)",대전시지체장애인협회서구지회,36.3550707827714,127.38380833742
214,식품자동판매기업,061 7550034,전라남도 순천시 서면 동산리 381,-,장애인협회복지관,35.0058512540694,127.479266359896
215,식품자동판매기업,061 7550034,전라남도 순천시 해룡면 월전리 9-1 농산물도매시장1층,-,(사)순천장애인협회,34.9165626424259,127.536927596238
216,식품자동판매기업,061 7550034,전라남도 순천시 서면 동산리 381 (1층),-,순천지체장애인협회,35.0058512540694,127.479266359896
217,식품자동판매기업,-,전라남도 장성군 장성읍 기산리 388,전라남도 장성군 장성읍 문화로 110,장애인협회,35.3030343747118,126.767014611623
218,식품자동판매기업,061 3928148,전라남도 장성군 장성읍 기산리 388,-,장애인협회,35.3030343747118,126.767014611623
219,식품자동판매기업,-,전라남도 목포시 산정동 1749,-,장애자복지회관내,34.8098292281532,126.37509969316
220,식품자동판매기업,-,전라남도 목포시 산정동 1749,-,장애자복지회관,34.8098292281532,126.37509969316
221,식품자동판매기업,031 3539082,경기도 화성시 남양읍 남양리 2000 화성시청 민원동,경기도 화성시 남양읍 시청로 159 (남양동),화성시신체장애인복지회,37.199037410725,126.830985553261
222,식품자동판매기업,-,경기도 화성시 진안동 526-2 (동부출장소3층 회의실 입구),"경기도 화성시 병점3로 23 (진안동,(동부출장소3층 회의실 입구))",장애인자립원,37.2087263020687,127.035874730328
223,식품자동판매기업,042 484 2633,대전광역시 서구 갈마동 820-1 국민생활관,"대전광역시 서구 신갈마로230번길 77, 국민생활관 1층 (갈마동)",사)대전교통장애인재활협회,36.356020244175,127.372682090023
224,식품자동판매기업,042 6254678,대전광역시 서구 둔산동 1420,대전광역시 서구 둔산로 100 (둔산동),장애인연합회(대전광역시청),36.3501712979595,127.384838607761
225,식품자동판매기업,9777015,서울특별시 노원구 중계동 514-3,-,장애인협회,37.6465086782159,127.069010139994
226,식품자동판매기업,-,서울특별시 노원구 상계동 323-4,-,장애숙산부인과,37.6555355451323,127.064535920085
227,식품자동판매기업,02 3066212,서울특별시 마포구 성산동 595-1,-,마포장애인종합복지관,37.5654460173483,126.900788156374
228,식품자동판매기업,-,경상북도 포항시 북구 우현동 51,-,교통장애인협회포항지회,36.0543565980313,129.363448865853
229,식품자동판매기업,053 5270350,대구광역시 달서구 용산동 230-17,대구광역시 달서구 달구벌대로291길 100 (용산동),대구청각언어장애인복지관,35.8533792643338,128.52521745672
230,식품자동판매기업,6622755,경기도 부천시 오정구 작동 57,-,장애인복지회관,37.5176336775172,126.813773673587
231,식품자동판매기업,6759901,경기도 부천시 오정구 작동 57,-,부천시장애인종합복지관리,37.5176336775172,126.813773673587
232,식품자동판매기업,6720997,경기도 부천시 원미구 원미동 87-2,-,부천시지체장애인협회,37.4957635575423,126.786975065083
233,식품자동판매기업,031 731 3401,"경기도 성남시 분당구 판교동 553 판교도서관 1층, 3층 2대","경기도 성남시 분당구 운중로225번길 37 (판교동, 판교도서관 1층, 3층 2대)",성남장애인나눔협동조합,37.3958405242262,127.090762386123
234,식품자동판매기업,-,서울특별시 도봉구 창동 1-6,서울특별시 도봉구 노해로69길 132 (창동),도봉구장애인연합회,37.6581769374909,127.050740048687
235,식품자동판매기업,9484121,서울특별시 노원구 하계동 252 노원자동차검사소,"서울특별시 노원구 공릉로62길 41 (하계동,노원자동차검사소)",노원구장애인자립작업장,37.6373210162484,127.071672061323
236,식품자동판매기업,02 9500114,서울특별시 노원구 상계동 771-0,-,서울시립노원시각장애인복지관,37.6423382464089,127.056760387599
237,식품자동판매기업,02 8800511,서울특별시 관악구 봉천동 931-7,-,실로암시각장애복지관,37.4830215057072,126.941151533848
238,식품자동판매기업,-,서울특별시 강동구 고덕동 317-24,서울특별시 강동구 고덕로 201 (고덕동),서울장애인종합복지관리포츠센터,37.5555417434444,127.148352083585
239,식품자동판매기업,-,서울특별시 강동구 고덕동 317-24,서울특별시 강동구 고덕로 201 (고덕동),서울장애인종합복지관,37.5555417434444,127.148352083585
240,식품자동판매기업,0226627878,서울특별시 강서구 방화동 829-7,-,장애인취업정보센타옆,37.5784575745181,126.812682666791
241,식품자동판매기업,-,서울특별시 강서구 외발산동 424,-,강서장애인자립작업장,37.5528925847917,126.818755736157
242,식품자동판매기업,-,서울특별시 강서구 외발산동 424-0 (1대),-,강서지체장애인협회,37.5528925847917,126.818755736157
243,식품자동판매기업,-,인천광역시 남동구 남촌동 354-1 동사무소1층,-,장애인남촌동지회(염쌍룡),37.4322354094887,126.715176775288
244,식품자동판매기업,053255 8166,대구광역시 중구 남산동 2482-0001,대구광역시 중구 남산로7길 80 (남산동),(사) 대구광역시장애인재활협회,35.8597934648034,128.579875261217
245,식품자동판매기업,053 2558166,대구광역시 중구 동인동1가 0002-0001 1층,"대구광역시 중구 공평로 88, 1층 (동인동1가)",(사)대구광역시장애인재활협회,35.8714765615313,128.601537835487
246,식품자동판매기업,031 399 1905,경기도 군포시 금정동 844-1 군포시장애인복지관 1층,"경기도 군포시 청백리길 18 (금정동,군포시장애인복지관 1층)",군포시장애인보호작업장,37.3630843428872,126.934169426427
247,식품자동판매기업,502-9450,경기도 과천시 중앙동 1-3 구내식당,-,장애인협회,37.4293714432917,126.98746472999
248,식품자동판매기업,-,경기도 과천시 중앙동 6-2 시민회관 대강당앞,-,시민회관장애인자판기,37.427986163496,126.989679166667
249,식품자동판매기업,-,경기도 과천시 막계동 159-1 서울대공원,-,"서울대공원 원외자판기(장애인주차장,정보나라)",37.4359636282904,127.01422844251
250,식품자동판매기업,502-9410,경기도 과천시 부림동 45 보훈회관입구,-,지체장애인협회 과천시지회,37.4340354814793,126.99794380252
251,식품자동판매기업,-,"경기도 과천시 중앙동 1-3 시청민원실,대강당",-,"과천장애인협회(시청민원실,대강당)",37.4293714432917,126.98746472999
252,식품자동판매기업,02  502 9410,"경기도 과천시 중앙동 6-2 시민회관(빙상장,체육관, 세미나실)","경기도 과천시 통영로 5 (중앙동, 시민회관)",과천시지체장애인협회,37.427986163496,126.989679166667
253,식품자동판매기업,031 4319114,경기도 시흥시 정왕동 1800-9,경기도 시흥시 정왕대로233번길 27-1 (정왕동),시흥장애인종합복지관,37.3476182626829,126.741126628103
254,식품자동판매기업,-,서울특별시 도봉구 쌍문동 565 도봉보건소,"서울특별시 도봉구 방학로3길 117 (쌍문동,도봉보건소)",도봉구장애인단체연합회,37.657978750864,127.038791771475
255,식품자동판매기업,0200000000,서울특별시 강동구 고덕동 317-24,-,서울 장애인 종합복지관(리포츠 센타),37.5555417434444,127.148352083585
256,식품자동판매기업,-,서울특별시 도봉구 쌍문동 565 도봉보건소,"서울특별시 도봉구 방학로3길 117 (쌍문동,도봉보건소)",도봉구장애인단체연합회,37.657978750864,127.038791771475
257,식품자동판매기업,043 273 6848,충청북도 청주시 서원구 사직동 888 서원구청,"충청북도 청주시 서원구 사직대로 227 (사직동, 서원구청)",지체장애인협회,36.6372438850189,127.469862334963
258,식품자동판매기업,043 2729720,충청북도 청주시 상당구 남문로2가 92-6,-,충청북도장애인재활협회,36.6326685727869,127.488153758872
259,식품자동판매기업,-,광주광역시 동구 서석동 21-41,"광주광역시 동구 백서로198번길 4-2, 1층 (서석동)",동구장애인복지센터,35.1454601267127,126.92560536988
260,식품자동판매기업,053 5831289,대구광역시 달서구 이곡동 535-4,대구광역시 달서구 달구벌대로243길 24 (이곡동),성서장애인재활복지센타,35.8526121062926,128.502023178427
261,식품자동판매기업,051 7242755,부산광역시 기장군 기장읍 대라리 422-3,-,기장애견의집,35.2425688175405,129.214772467174
262,식품자동판매기업,051 7241950,부산광역시 기장군 기장읍 대라리 35-13,-,기장애견,35.2431377560961,129.217263113059
263,식품자동판매기업,054 789 6324,경상북도 울진군 울진읍 읍내리 464 울진군청,"경상북도 울진군 울진읍 울진중앙로 121, 울진군청",울진군장애인종합복지관,36.9930931267574,129.400635331202
264,식품자동판매기업,05400000000,경상북도 구미시 남통동 247,-,장애자복지센타자동판매기,36.1142379754369,128.314652761229
265,식품자동판매기업,054 8587283,경상북도 안동시 북후면 도촌리 846-1,경상북도 안동시 북후면 광평2길 106-25,장애인종합복지관식당내,36.6571294532308,128.681931653208
266,식품자동판매기업,053 8115444,경상북도 경산시 서상동 18-2 구.경산경찰서 내,-,시각장애인나눔의집설립단,35.8195646256962,128.734117870938
267,식품자동판매기업,031 5550044,경기도 구리시 교문동 산 34-4,경기도 구리시 경춘로20번길 22 (교문동),경기도지체장애인협회 구리시지회,37.5997492633657,127.116189530122
268,식품자동판매기업,051 5240540,부산광역시 동래구 명장동 25-49,-,명장애견,35.204342276788,129.099090213924
269,식품자동판매기업,248-2353,경상남도 창원시 마산회원구 회원동 564 (설치대수:1대),-,한국신체장애인의료용품복지,35.2178643459361,128.56501606012
270,식품자동판매기업,2668979,경상남도 창원시 마산합포구 신월동 29-161 마산시장애인복지회관,"경상남도 창원시 마산합포구 반월서7길 59 (신월동,마산시장애인복지회관)",마산장애인복지관,35.1944440398593,128.558650416403
271,식품자동판매기업,055 5437989,경상남도 창원시 진해구 덕산동 533,-,(사)경남지체장애인연합회진해지회,35.1431186750986,128.694006026172
272,식품자동판매기업,055 5437989,경상남도 창원시 진해구 경화동 850-3,경상남도 창원시 진해구 진해대로 649 (경화동),사)경남지체장애인연합회진해지회,35.1591972778157,128.687304839978
273,식품자동판매기업,055 5452016,경상남도 창원시 진해구 태백동 98,-,장애인자립의집,35.1691838915938,128.659635914196
274,식품자동판매기업,-,인천광역시 부평구 십정동 186-454 부평도서관,"인천광역시 부평구 경원대로 1191 (십정동,부평도서관)",사)인천지체장애인협회,37.4850317722238,126.704788252706
275,식품자동판매기업,032 5682666,인천광역시 부평구 부평동 880,-,장애인복지회,37.5064781737563,126.724206956094
276,식품자동판매기업,-,충청남도 서산시 예천동 496-17,충청남도 서산시 호수공원14로 6 (예천동),서산시장애인복지관자판기,36.7728019881583,126.445043288104
277,식품자동판매기업,041 6684744,충청남도 서산시 예천동 496-17,-,서산시장애인복지관,36.7728019881583,126.445043288104
278,식품자동판매기업,043 8486381,충청북도 충주시 호암동 751-7,-,충청북도장애인종합복지관,36.9498961603181,127.920921546035
279,식품자동판매기업,043 4231877,충청북도 단양군 단양읍 도전리 637,-,장애인자립장,36.9791534248728,128.36963875134
280,식품자동판매기업,02 3532578,경기도 고양시 덕양구 화정동 956 덕양구청,-,한국신체장애인복지회,37.6369440575358,126.833913327628
281,식품자동판매기업,02 3532578,경기도 고양시 덕양구 화정동 956 덕양구청,-,한국신체장애인복지회,37.6369440575358,126.833913327628
282,식품자동판매기업,02 3532578,경기도 고양시 덕양구 화정동 956 덕양구청,-,한국신체장애인복지회,37.6369440575358,126.833913327628
283,식품자동판매기업,02 3532578,경기도 고양시 덕양구 화정동 956 덕양구청,-,한국신체장애인복지회,37.6369440575358,126.833913327628
284,식품자동판매기업,02 3532578,경기도 고양시 덕양구 화정동 956 덕양구청,-,한국신체장애인복지회,37.6369440575358,126.833913327628
285,식품자동판매기업,032 876 3500,인천광역시 미추홀구 학익동 709-1 시각장애인복지관,"인천광역시 미추홀구 한나루로357번길 105-19, 시각장애인복지관 (학익동)",인천광역시시각장애인복지관,37.4381728437904,126.656042075444
286,식품자동판매기업,-,서울특별시 노원구 상계동 759-1,-,서울지체장애인협회 노원구지회 중계1단지분회,37.6485598401698,127.064912659954
